{
  "enabled": true,
  "debug": false,
  "server": {
    "createDefaultUsers": false
  },
  "authentication": {
    "enabled": true,
    "allowDefault": true,
    "authenticators": [
      {
        "name": "Password",
        "class": "com.orientechnologies.orient.server.security.authenticator.ODefaultPasswordAuthenticator",
        "enabled": true,
        "users": [
          {
            "username": "guest",
            "resources": "server.listDatabases,server.dblist"
          }
        ]
      },
      {
        "name": "ServerConfig",
        "class": "com.orientechnologies.orient.server.security.authenticator.OServerConfigAuthenticator",
        "enabled": true
      },
      {
        "name": "SystemAuthenticator",
        "class": "com.orientechnologies.orient.server.security.authenticator.OSystemUserAuthenticator",
        "enabled": true
      }
    ]
  },
  "auditing": {
    "class": "com.orientechnologies.security.auditing.ODefaultAuditing",
    "enabled": false
  }
}