<?xml version="1.0" encoding="utf-8"?>
<!--
   ~ /*
   ~  *  Copyright 2014 Orient Technologies LTD (info(at)orientechnologies.com)
   ~  *
   ~  *  Licensed under the Apache License, Version 2.0 (the "License");
   ~  *  you may not use this file except in compliance with the License.
   ~  *  You may obtain a copy of the License at
   ~  *
   ~  *       http://www.apache.org/licenses/LICENSE-2.0
   ~  *
   ~  *  Unless required by applicable law or agreed to in writing, software
   ~  *  distributed under the License is distributed on an "AS IS" BASIS,
   ~  *  WITHOUT WARRANTIES OR CONDITIONS OF ANY KIND, either express or implied.
   ~  *  See the License for the specific language governing permissions and
   ~  *  limitations under the License.
   ~  *
   ~  * For more information: http://www.orientechnologies.com
   ~  */
   -->

<access-policy>
  <cross-domain-access>
    <policy>
      <allow-from http-request-headers="SOAPAction">
        <domain uri="*"/>
      </allow-from>
      <grant-to>
        <resource path="/" include-subpaths="true"/>
      </grant-to>
    </policy>
  </cross-domain-access>
</access-policy>
